entityname,EntityTypeDescriptor
"THE DOVER HOLDINGS, INC",Domestic Profit Corporation
"JASON M. CHARETTE AGENCY, INC.",Domestic Profit Corporation
PATHWAY DRUG DEVELOPMENT CONSULTING INC.,Domestic Profit Corporation
"MARTY'S LOCAL, INC.",Domestic Profit Corporation
"WARNER FARM, INC.",Domestic Profit Corporation
"CRAFTWAY CONTRACTING, INC.",Domestic Profit Corporation
"TINY SPOON CHEF, INC.",Domestic Profit Corporation
"COMMUNITY BANCORP OF THE BERKSHIRES, INC.",Domestic Profit Corporation
SURGO CORPORATION,Domestic Profit Corporation
"HATFIELD CONSTRUCTION, INC.",Domestic Profit Corporation
"SCOPIC, INC",Domestic Profit Corporation
"DUBBYA DIESEL, INC",Domestic Profit Corporation
"RELATIONAL LIFE INSTITUTE, INC.",Domestic Profit Corporation
"LOCAL FLOW LOGISTICS, INC.",Domestic Profit Corporation
"HUGE REAL ESTATE, INC.",Domestic Profit Corporation
"MJK TAEKWONDO, INC.",Domestic Profit Corporation
"MAY TAX SERVICES, INC.",Domestic Profit Corporation
"ARCADIA PROFESSIONAL BODY PIERCING, INC.",Domestic Profit Corporation
APEX BAR AND LOUNGE INC.,Domestic Profit Corporation
"EESCO HOLDINGS, INC.",Domestic Profit Corporation
"VESTA RP DEVELOPMENT, INC",Domestic Profit Corporation
MENG'S ENTERPRISES CORP,Domestic Profit Corporation
"RTAL VICTORY, INC.",Domestic Profit Corporation
"GREEN FURNITURE CONCEPT, INC.",Domestic Profit Corporation
GREENDALE PIZZA INC,Domestic Profit Corporation
BOSTON BLACK BELT CORPORATION,Domestic Profit Corporation
"STEAMBOAT WHARF MARINA SERVICES, INC.",Domestic Profit Corporation
"RTBR, INC.",Domestic Profit Corporation
"THE NARDELLA COMPANY, INC.",Domestic Profit Corporation
ALL IN ONE HANDYMAN & CLEANING INC,Domestic Profit Corporation
MOLINARO'S FINE ITALIAN FOODS LTD.,Foreign Corporation
"MADEIRA VENTURES, INC.",Foreign Corporation
MESSAGEBIRD USA INC.,Foreign Corporation
"ZILLOW LISTING SERVICES, INC.",Foreign Corporation
"USER-FRIENDLY CROUP, INC",Foreign Corporation
"SITUATION PUBLISHING LIMITED, INC",Foreign Corporation
"JUTISO, INC",Foreign Corporation
"REPRODUCTIVE HEALTH ACCESS PROJECT, INC",Foreign Corporation
OVERLAND PHARMACEUTICALS (US) INC.,Foreign Corporation
"ABATA THERAPEUTICS, INC.",Foreign Corporation
"ALLANA BUICK & BERS, INC.",Foreign Corporation
JJ LAKE CORPORATION,Foreign Corporation
"RAYWATCH, INC.",Foreign Corporation
"SHOGUN LABS, INC.",Foreign Corporation
NEUROMOD USA INC.,Foreign Corporation
"UNION FOR DEMOCRATIC COMMUNICATIONS, INC.",Foreign Corporation
BAMIDBAR,Foreign Corporation
AMERICAN INTERNATIONAL FINANCIAL AND INSURANCE MARKETING INC.,Foreign Corporation
UNIVERSAL SHIELDING CORP.,Foreign Corporation
"LEGENDARY AUTO INTERIORS, LTD",Foreign Corporation
"FERRERO U.S.A., INC.",Foreign Corporation
MILEIQ INC.,Foreign Corporation
"MJM CREATIVE SERVICES, INC.",Foreign Corporation
"LANDRUM COMPANIES, INC.",Foreign Corporation
"U.S. BUDDHISM, INC.",Foreign Corporation
"HEARTLAND HEALTHCARE PROVIDERS, INC.",Foreign Corporation
"ACT DIGITAL US, INC.",Foreign Corporation
TEN TWENTY FOUR INC.,Foreign Corporation
CHIEF CONTAINER COMPANY INC,Foreign Corporation
"ENNABL, INC.",Foreign Corporation
"RAMEY HARRIS-TATAR, P.C.",Professional Corporation
"BOSTON METRO NEUROPSYCHOLOGY, P.C.",Professional Corporation
"BAYSIDE CHIROPRACTIC, PROFESSIONAL CORPORATION",Professional Corporation
"VITRUVIAN BEHAVIORAL HEALTH, P.C.",Professional Corporation
CAMELOT DENTAL P.C.,Professional Corporation
"LAW OFFICES OF MARGARET M. CARLEEN, PROFESSIONAL CORPORATION",Professional Corporation
"KRISTINE P. ROMANO, ESQ., LLM, PC",Professional Corporation
"CORAL LAW, PC",Professional Corporation
"KO LAW, P.C.",Professional Corporation
"ROUBIL HUBBELL LAW OFFICES, P.C.",Professional Corporation
"POWERS & LANDRY, P.C.",Professional Corporation
"PHYLLIS JONES ADVOCACY AND LAW GROUP, PC",Professional Corporation
COCASSET AESTHETICS PC,Professional Corporation
"ALI MASHAYEKHI, DMD, FAMILY DENTISTRY, P.C.",Professional Corporation
"DANVERS AESTHETIC FAMILY DENTISTRY, PC",Professional Corporation
"LAW OFFICE OF RACHEL MATOS, P.C.",Professional Corporation
"ALI SALEHPOUR, D.M.D., PC.",Professional Corporation
"AVANTIA USA, P.C.",Professional Corporation
JOSEPH DARBY LAW PC,Professional Corporation
"BABALOLA CPA, P.C.",Professional Corporation
"MARTHA'S VINEYARD LAND LAW, INCORPORATED",Professional Corporation
"GUCCIARDI LAW, PC",Professional Corporation
"COMMONWEALTH SURGICAL, P.C.",Professional Corporation
"HOPE LAURIE KURENS, M.D. CHILD PSYCHIATRY, P.C.",Professional Corporation
"PACER PHYSICAL THERAPY, P.C.",Professional Corporation
"KG LAW MA, P.C.",Professional Corporation
"LAW OFFICE OF ELAINE M. O'DONNELL, P.C.",Professional Corporation
HEALTH SERVICES COLLABORATIVE P.C.,Professional Corporation
"CB WHITE LAW, P.C.",Professional Corporation
"INNERBLOOM HEALTH, P.C.",Professional Corporation
"SOULCIALTA, INC",Domestic Benefit Corporation
"EVA'S ROOM AND BOARD, INC",Domestic Benefit Corporation
OLYMPIQUE SUSTAINABLE CORPORATION,Domestic Benefit Corporation
GIVE PUPPY LOVE INC.,Domestic Benefit Corporation
ALPHA VETS TRANSPORTATION CORPORATION,Domestic Benefit Corporation
"ALTIVOLENT CONSULTING GROUP, INCORPORATED",Domestic Benefit Corporation
"THE WEEKLY CHEW, INC.",Domestic Benefit Corporation
GREENER HEALTH CORPORATION,Domestic Benefit Corporation
SOCIAL IMPACT COLLECTIVE INC.,Domestic Benefit Corporation
"ECHOBATIX, INC.",Domestic Benefit Corporation